,name,val
0,theta11,-2.293017294627991
1,rc,-10.07486703056466
